Workbook
Name Slicer_Health_Score: #N/A
Name Slicer_Manufacturer: #N/A
Name Slicer_Primary_Issue: #N/A

Sheet Raw Data
A1: Name | B1: Manufacturer | C1: Type | D1: Calories | E1: Protein | F1: Fat | G1: Sodium | H1: Fiber | I1: Carbohydrate | J1: Sugars | K1: Potassium | L1: Vitamins | M1: Shelf | N1: Weight | O1: Cups | P1: Rating
A2: 100% Bran | B2: Nabisco | C2: Cold | D2: 70 | E2: 4 | F2: 1 | G2: 130 | H2: 10 | I2: 5 | J2: 6 | K2: 280 | L2: 25 | M2: 3 | N2: 1 | O2: 0.33 | P2: 68.402973
A3: 100% Natural Bran | B3: Quaker Oats | C3: Cold | D3: 120 | E3: 3 | F3: 5 | G3: 15 | H3: 2 | I3: 8 | J3: 8 | K3: 135 | L3: 0 | M3: 3 | N3: 1 | O3: 1 | P3: 33.983679
A4: All-Bran | B4: Kelloggs | C4: Cold | D4: 70 | E4: 4 | F4: 1 | G4: 260 | H4: 9 | I4: 7 | J4: 5 | K4: 320 | L4: 25 | M4: 3 | N4: 1 | O4: 0.33 | P4: 59.425505
A5: All-Bran with Extra Fiber | B5: Kelloggs | C5: Cold | D5: 50 | E5: 4 | F5: 0 | G5: 140 | H5: 14 | I5: 8 | J5: 0 | K5: 330 | L5: 25 | M5: 3 | N5: 1 | O5: 0.5 | P5: 93.704912
A6: Almond Delight | B6: Ralston Purina | C6: Cold | D6: 110 | E6: 2 | F6: 2 | G6: 200 | H6: 1 | I6: 14 | J6: 8 | K6: -1 | L6: 25 | M6: 3 | N6: 1 | O6: 0.75 | P6: 34.384843
A7: Apple Cinnamon Cheerios | B7: General Mills | C7: Cold | D7: 110 | E7: 2 | F7: 2 | G7: 180 | H7: 1.5 | I7: 10.5 | J7: 10 | K7: 70 | L7: 25 | M7: 1 | N7: 1 | O7: 0.75 | P7: 29.509541
A8: Apple Jacks | B8: Kelloggs | C8: Cold | D8: 110 | E8: 2 | F8: 0 | G8: 125 | H8: 1 | I8: 11 | J8: 14 | K8: 30 | L8: 25 | M8: 2 | N8: 1 | O8: 1 | P8: 33.174094
A9: Basic 4 | B9: General Mills | C9: Cold | D9: 130 | E9: 3 | F9: 2 | G9: 210 | H9: 2 | I9: 18 | J9: 8 | K9: 100 | L9: 25 | M9: 3 | N9: 1.33 | O9: 0.75 | P9: 37.038562
A10: Bran Chex | B10: Ralston Purina | C10: Cold | D10: 90 | E10: 2 | F10: 1 | G10: 200 | H10: 4 | I10: 15 | J10: 6 | K10: 125 | L10: 25 | M10: 1 | N10: 1 | O10: 0.67 | P10: 49.120253
A11: Bran Flakes | B11: Post | C11: Cold | D11: 90 | E11: 3 | F11: 0 | G11: 210 | H11: 5 | I11: 13 | J11: 5 | K11: 190 | L11: 25 | M11: 3 | N11: 1 | O11: 0.67 | P11: 53.313813
A12: Cap'n'Crunch | B12: Quaker Oats | C12: Cold | D12: 120 | E12: 1 | F12: 2 | G12: 220 | H12: 0 | I12: 12 | J12: 12 | K12: 35 | L12: 25 | M12: 2 | N12: 1 | O12: 0.75 | P12: 18.042851
A13: Cheerios | B13: General Mills | C13: Cold | D13: 110 | E13: 6 | F13: 2 | G13: 290 | H13: 2 | I13: 17 | J13: 1 | K13: 105 | L13: 25 | M13: 1 | N13: 1 | O13: 1.25 | P13: 50.764999
... A21: Cracklin' Oat Bran | B21: Kelloggs | C21: Cold | D21: 110 | E21: 3 | F21: 3 | G21: 140 | H21: 4 | I21: 10 | J21: 7 | K21: 160 | L21: 25 | M21: 3 | N21: 1 | O21: 0.5 | P21: 40.448772
A22: Cream of Wheat (Quick) | B22: Nabisco | C22: Hot | D22: 100 | E22: 3 | F22: 0 | G22: 80 | H22: 1 | I22: 21 | J22: 0 | K22: -1 | L22: 0 | M22: 2 | N22: 1 | P22: 64.533816
A23: Crispix | B23: Kelloggs | C23: Cold | D23: 110 | E23: 2 | F23: 0 | G23: 220 | H23: 1 | I23: 21 | J23: 3 | K23: 30 | L23: 25 | M23: 3 | N23: 1 | O23: 1 | P23: 46.895644
A24: Crispy Wheat & Raisins | B24: General Mills | C24: Cold | D24: 100 | E24: 2 | F24: 1 | G24: 140 | H24: 2 | I24: 11 | J24: 10 | K24: 120 | L24: 25 | M24: 3 | N24: 1 | O24: 0.75 | P24: 36.176196
A25: Double Chex | B25: Ralston Purina | C25: Cold | D25: 100 | E25: 2 | F25: 0 | G25: 190 | H25: 1 | I25: 18 | J25: 5 | K25: 80 | L25: 25 | M25: 3 | N25: 1 | O25: 0.75 | P25: 44.330856
A26: Froot Loops | B26: Kelloggs | C26: Cold | D26: 110 | E26: 2 | F26: 1 | G26: 125 | H26: 1 | I26: 11 | J26: 13 | K26: 30 | L26: 25 | M26: 2 | N26: 1 | O26: 1 | P26: 32.207582
A27: Frosted Flakes | B27: Kelloggs | C27: Cold | D27: 110 | E27: 1 | F27: 0 | G27: 200 | H27: 1 | I27: 14 | J27: 11 | K27: 25 | L27: 25 | M27: 1 | N27: 1 | O27: 0.75 | P27: 31.435973
A28: Frosted Mini-Wheats | B28: Kelloggs | C28: Cold | D28: 100 | E28: 3 | F28: 0 | G28: 0 | H28: 3 | I28: 14 | J28: 7 | K28: 100 | L28: 25 | M28: 2 | N28: 1 | O28: 0.8 | P28: 58.345141
A29: Fruit & Fibre Dates; Walnuts; and Oats | B29: Post | C29: Cold | D29: 120 | E29: 3 | F29: 2 | G29: 160 | H29: 5 | I29: 12 | J29: 10 | K29: 200 | L29: 25 | M29: 3 | N29: 1.25 | O29: 0.67 | P29: 40.917047
A30: Fruitful Bran | B30: Kelloggs | C30: Cold | D30: 120 | E30: 3 | F30: 0 | G30: 240 | H30: 5 | I30: 14 | J30: 12 | K30: 190 | L30: 25 | M30: 3 | N30: 1.33 | O30: 0.67 | P30: 41.015492
A31: Fruity Pebbles | B31: Post | C31: Cold | D31: 110 | E31: 1 | F31: 1 | G31: 135 | H31: 0 | I31: 13 | J31: 12 | K31: 25 | L31: 25 | M31: 2 | N31: 1 | O31: 0.75 | P31: 28.025765
A32: Golden Crisp | B32: Post | C32: Cold | D32: 100 | E32: 2 | F32: 0 | G32: 45 | H32: 0 | I32: 11 | J32: 15 | K32: 40 | L32: 25 | M32: 1 | N32: 1 | O32: 0.88 | P32: 35.252444
A33: Golden Grahams | B33: General Mills | C33: Cold | D33: 110 | E33: 1 | F33: 1 | G33: 280 | H33: 0 | I33: 15 | J33: 9 | K33: 45 | L33: 25 | M33: 2 | N33: 1 | O33: 0.75 | P33: 23.804043
A34: Grape Nuts Flakes | B34: Post | C34: Cold | D34: 100 | E34: 3 | F34: 1 | G34: 140 | H34: 3 | I34: 15 | J34: 5 | K34: 85 | L34: 25 | M34: 3 | N34: 1 | O34: 0.88 | P34: 52.076897
... A78: Wheaties Honey Gold | B78: General Mills | C78: Cold | D78: 110 | E78: 2 | F78: 1 | G78: 200 | H78: 1 | I78: 16 | J78: 8 | K78: 60 | L78: 25 | M78: 1 | N78: 1 | O78: 0.75 | P78: 36.187559

Sheet Clean Data
A1: Cereal Name | B1: Manufacturer | C1: Type | D1: Calories | E1: Protein | F1: Fat | G1: Sodium | H1: Fiber | I1: Carbohydrate | J1: Sugars | K1: Potassium | L1: Vitamins | M1: Shelf | N1: Weight | O1: Cups | P1: Rating | Q1: HEALTH SCORE | R1: Needs Improvemnt | S1: High Sugar Flag | T1: Low Fiber Flag | U1: High Caloris Flag | V1: High Sodium Flag | W1: Primary Issue
A2: 100% Bran | B2: Nabisco | C2: Cold | D2: 70 | E2: 4 | F2: 1 | G2: 130 | H2: 10 | I2: 5 | J2: 6 | K2: 280 | L2: 25 | M2: 3 | N2: 1 | O2: 0.33 | P2: 68.402973 | Q2: =IF(AND($J$2:$J$78<=5,$H$2:$H$78>=3,$D$2:$D$78<=120,$G$2:$G$78<=200),"Healthy","Unhealthy") -> Unhealthy | R2: =IF(OR($Q$2:$Q$78="Unhealthy",$P$2:$P$78<AVERAGE($P$2:$P$78)),"Yes","No") -> Yes | S2: =IF( $J$2:$J$82>5,"High sugar","Normal") -> High sugar | T2: =IF($H$2:$H$78<=3,"Low Fiber","Normal") -> Normal | U2: =IF($D$2:$D$78>=120,"High Calories","Normal") -> Normal | V2: =IF($G$2:$G$78>=200,"High Sodium","Normal") -> Normal | W2: =IF(S2:S378="High Sugar","High Sugar",IF(T2:T78="Low Fiber","Low Fiber",IF(U2:U78="High Calories","High Calories",IF(V2:V78="High Sodium","High Sodium","Healthy")))) -> High Sugar
A3: 100% Natural Bran | B3: Quaker Oats | C3: Cold | D3: 120 | E3: 3 | F3: 5 | G3: 15 | H3: 2 | I3: 8 | J3: 8 | K3: 135 | L3: 0 | M3: 3 | N3: 1 | O3: 1 | P3: 33.983679 | Q3: =IF(AND($J$2:$J$78<=5,$H$2:$H$78>=3,$D$2:$D$78<=120,$G$2:$G$78<=200),"Healthy","Unhealthy") -> Unhealthy | R3: =IF(OR($Q$2:$Q$78="Unhealthy",$P$2:$P$78<AVERAGE($P$2:$P$78)),"Yes","No") -> Yes | S3: =IF( $J$2:$J$82>5,"High sugar","Normal") -> High sugar | T3: =IF($H$2:$H$78<=3,"Low Fiber","Normal") -> Low Fiber | U3: =IF($D$2:$D$78>=120,"High Calories","Normal") -> High Calories | V3: =IF($G$2:$G$78>=200,"High Sodium","Normal") -> Normal | W3: =IF(S3:S379="High Sugar","High Sugar",IF(T3:T79="Low Fiber","Low Fiber",IF(U3:U79="High Calories","High Calories",IF(V3:V79="High Sodium","High Sodium","Healthy")))) -> High Sugar
A4: All-Bran | B4: Kelloggs | C4: Cold | D4: 70 | E4: 4 | F4: 1 | G4: 260 | H4: 9 | I4: 7 | J4: 5 | K4: 320 | L4: 25 | M4: 3 | N4: 1 | O4: 0.33 | P4: 59.425505 | Q4: =IF(AND($J$2:$J$78<=5,$H$2:$H$78>=3,$D$2:$D$78<=120,$G$2:$G$78<=200),"Healthy","Unhealthy") -> Unhealthy | R4: =IF(OR($Q$2:$Q$78="Unhealthy",$P$2:$P$78<AVERAGE($P$2:$P$78)),"Yes","No") -> Yes | S4: =IF( $J$2:$J$82>5,"High sugar","Normal") -> Normal | T4: =IF($H$2:$H$78<=3,"Low Fiber","Normal") -> Normal | U4: =IF($D$2:$D$78>=120,"High Calories","Normal") -> Normal | V4: =IF($G$2:$G$78>=200,"High Sodium","Normal") -> High Sodium | W4: =IF(S4:S380="High Sugar","High Sugar",IF(T4:T80="Low Fiber","Low Fiber",IF(U4:U80="High Calories","High Calories",IF(V4:V80="High Sodium","High Sodium","Healthy")))) -> High Sodium
A5: All-Bran with Extra Fiber | B5: Kelloggs | C5: Cold | D5: 50 | E5: 4 | F5: 0 | G5: 140 | H5: 14 | I5: 8 | J5: 0 | K5: 330 | L5: 25 | M5: 3 | N5: 1 | O5: 0.5 | P5: 93.704912 | Q5: =IF(AND($J$2:$J$78<=5,$H$2:$H$78>=3,$D$2:$D$78<=120,$G$2:$G$78<=200),"Healthy","Unhealthy") -> Healthy | R5: =IF(OR($Q$2:$Q$78="Unhealthy",$P$2:$P$78<AVERAGE($P$2:$P$78)),"Yes","No") -> No | S5: =IF( $J$2:$J$82>5,"High sugar","Normal") -> Normal | T5: =IF($H$2:$H$78<=3,"Low Fiber","Normal") -> Normal | U5: =IF($D$2:$D$78>=120,"High Calories","Normal") -> Normal | V5: =IF($G$2:$G$78>=200,"High Sodium","Normal") -> Normal | W5: =IF(S5:S381="High Sugar","High Sugar",IF(T5:T81="Low Fiber","Low Fiber",IF(U5:U81="High Calories","High Calories",IF(V5:V81="High Sodium","High Sodium","Healthy")))) -> Healthy
A6: Almond Delight | B6: Ralston Purina | C6: Cold | D6: 110 | E6: 2 | F6: 2 | G6: 200 | H6: 1 | I6: 14 | J6: 8 | K6: -1 | L6: 25 | M6: 3 | N6: 1 | O6: 0.75 | P6: 34.384843 | Q6: =IF(AND($J$2:$J$78<=5,$H$2:$H$78>=3,$D$2:$D$78<=120,$G$2:$G$78<=200),"Healthy","Unhealthy") -> Unhealthy | R6: =IF(OR($Q$2:$Q$78="Unhealthy",$P$2:$P$78<AVERAGE($P$2:$P$78)),"Yes","No") -> Yes | S6: =IF( $J$2:$J$82>5,"High sugar","Normal") -> High sugar | T6: =IF($H$2:$H$78<=3,"Low Fiber","Normal") -> Low Fiber | U6: =IF($D$2:$D$78>=120,"High Calories","Normal") -> Normal | V6: =IF($G$2:$G$78>=200,"High Sodium","Normal") -> High Sodium | W6: =IF(S6:S382="High Sugar","High Sugar",IF(T6:T82="Low Fiber","Low Fiber",IF(U6:U82="High Calories","High Calories",IF(V6:V82="High Sodium","High Sodium","Healthy")))) -> High Sugar
A7: Apple Cinnamon Cheerios | B7: General Mills | C7: Cold | D7: 110 | E7: 2 | F7: 2 | G7: 180 | H7: 1.5 | I7: 10.5 | J7: 10 | K7: 70 | L7: 25 | M7: 1 | N7: 1 | O7: 0.75 | P7: 29.509541 | Q7: =IF(AND($J$2:$J$78<=5,$H$2:$H$78>=3,$D$2:$D$78<=120,$G$2:$G$78<=200),"Healthy","Unhealthy") -> Unhealthy | R7: =IF(OR($Q$2:$Q$78="Unhealthy",$P$2:$P$78<AVERAGE($P$2:$P$78)),"Yes","No") -> Yes | S7: =IF( $J$2:$J$82>5,"High sugar","Normal") -> High sugar | T7: =IF($H$2:$H$78<=3,"Low Fiber","Normal") -> Low Fiber | U7: =IF($D$2:$D$78>=120,"High Calories","Normal") -> Normal | V7: =IF($G$2:$G$78>=200,"High Sodium","Normal") -> Normal | W7: =IF(S7:S383="High Sugar","High Sugar",IF(T7:T83="Low Fiber","Low Fiber",IF(U7:U83="High Calories","High Calories",IF(V7:V83="High Sodium","High Sodium","Healthy")))) -> High Sugar
A8: Apple Jacks | B8: Kelloggs | C8: Cold | D8: 110 | E8: 2 | F8: 0 | G8: 125 | H8: 1 | I8: 11 | J8: 14 | K8: 30 | L8: 25 | M8: 2 | N8: 1 | O8: 1 | P8: 33.174094 | Q8: =IF(AND($J$2:$J$78<=5,$H$2:$H$78>=3,$D$2:$D$78<=120,$G$2:$G$78<=200),"Healthy","Unhealthy") -> Unhealthy | R8: =IF(OR($Q$2:$Q$78="Unhealthy",$P$2:$P$78<AVERAGE($P$2:$P$78)),"Yes","No") -> Yes | S8: =IF( $J$2:$J$82>5,"High sugar","Normal") -> High sugar | T8: =IF($H$2:$H$78<=3,"Low Fiber","Normal") -> Low Fiber | U8: =IF($D$2:$D$78>=120,"High Calories","Normal") -> Normal | V8: =IF($G$2:$G$78>=200,"High Sodium","Normal") -> Normal | W8: =IF(S8:S384="High Sugar","High Sugar",IF(T8:T84="Low Fiber","Low Fiber",IF(U8:U84="High Calories","High Calories",IF(V8:V84="High Sodium","High Sodium","Healthy")))) -> High Sugar
A9: Basic 4 | B9: General Mills | C9: Cold | D9: 130 | E9: 3 | F9: 2 | G9: 210 | H9: 2 | I9: 18 | J9: 8 | K9: 100 | L9: 25 | M9: 3 | N9: 1.33 | O9: 0.75 | P9: 37.038562 | Q9: =IF(AND($J$2:$J$78<=5,$H$2:$H$78>=3,$D$2:$D$78<=120,$G$2:$G$78<=200),"Healthy","Unhealthy") -> Unhealthy | R9: =IF(OR($Q$2:$Q$78="Unhealthy",$P$2:$P$78<AVERAGE($P$2:$P$78)),"Yes","No") -> Yes | S9: =IF( $J$2:$J$82>5,"High sugar","Normal") -> High sugar | T9: =IF($H$2:$H$78<=3,"Low Fiber","Normal") -> Low Fiber | U9: =IF($D$2:$D$78>=120,"High Calories","Normal") -> High Calories | V9: =IF($G$2:$G$78>=200,"High Sodium","Normal") -> High Sodium | W9: =IF(S9:S385="High Sugar","High Sugar",IF(T9:T85="Low Fiber","Low Fiber",IF(U9:U85="High Calories","High Calories",IF(V9:V85="High Sodium","High Sodium","Healthy")))) -> High Sugar
A10: Bran Chex | B10: Ralston Purina | C10: Cold | D10: 90 | E10: 2 | F10: 1 | G10: 200 | H10: 4 | I10: 15 | J10: 6 | K10: 125 | L10: 25 | M10: 1 | N10: 1 | O10: 0.67 | P10: 49.120253 | Q10: =IF(AND($J$2:$J$78<=5,$H$2:$H$78>=3,$D$2:$D$78<=120,$G$2:$G$78<=200),"Healthy","Unhealthy") -> Unhealthy | R10: =IF(OR($Q$2:$Q$78="Unhealthy",$P$2:$P$78<AVERAGE($P$2:$P$78)),"Yes","No") -> Yes | S10: =IF( $J$2:$J$82>5,"High sugar","Normal") -> High sugar | T10: =IF($H$2:$H$78<=3,"Low Fiber","Normal") -> Normal | U10: =IF($D$2:$D$78>=120,"High Calories","Normal") -> Normal | V10: =IF($G$2:$G$78>=200,"High Sodium","Normal") -> High Sodium | W10: =IF(S10:S386="High Sugar","High Sugar",IF(T10:T86="Low Fiber","Low Fiber",IF(U10:U86="High Calories","High Calories",IF(V10:V86="High Sodium","High Sodium","Healthy")))) -> High Sugar
A11: Bran Flakes | B11: Post | C11: Cold | D11: 90 | E11: 3 | F11: 0 | G11: 210 | H11: 5 | I11: 13 | J11: 5 | K11: 190 | L11: 25 | M11: 3 | N11: 1 | O11: 0.67 | P11: 53.313813 | Q11: =IF(AND($J$2:$J$78<=5,$H$2:$H$78>=3,$D$2:$D$78<=120,$G$2:$G$78<=200),"Healthy","Unhealthy") -> Unhealthy | R11: =IF(OR($Q$2:$Q$78="Unhealthy",$P$2:$P$78<AVERAGE($P$2:$P$78)),"Yes","No") -> Yes | S11: =IF( $J$2:$J$82>5,"High sugar","Normal") -> Normal | T11: =IF($H$2:$H$78<=3,"Low Fiber","Normal") -> Normal | U11: =IF($D$2:$D$78>=120,"High Calories","Normal") -> Normal | V11: =IF($G$2:$G$78>=200,"High Sodium","Normal") -> High Sodium | W11: =IF(S11:S387="High Sugar","High Sugar",IF(T11:T87="Low Fiber","Low Fiber",IF(U11:U87="High Calories","High Calories",IF(V11:V87="High Sodium","High Sodium","Healthy")))) -> High Sodium
A12: Cap'n'Crunch | B12: Quaker Oats | C12: Cold | D12: 120 | E12: 1 | F12: 2 | G12: 220 | H12: 0 | I12: 12 | J12: 12 | K12: 35 | L12: 25 | M12: 2 | N12: 1 | O12: 0.75 | P12: 18.042851 | Q12: =IF(AND($J$2:$J$78<=5,$H$2:$H$78>=3,$D$2:$D$78<=120,$G$2:$G$78<=200),"Healthy","Unhealthy") -> Unhealthy | R12: =IF(OR($Q$2:$Q$78="Unhealthy",$P$2:$P$78<AVERAGE($P$2:$P$78)),"Yes","No") -> Yes | S12: =IF( $J$2:$J$82>5,"High sugar","Normal") -> High sugar | T12: =IF($H$2:$H$78<=3,"Low Fiber","Normal") -> Low Fiber | U12: =IF($D$2:$D$78>=120,"High Calories","Normal") -> High Calories | V12: =IF($G$2:$G$78>=200,"High Sodium","Normal") -> High Sodium | W12: =IF(S12:S388="High Sugar","High Sugar",IF(T12:T88="Low Fiber","Low Fiber",IF(U12:U88="High Calories","High Calories",IF(V12:V88="High Sodium","High Sodium","Healthy")))) -> High Sugar
A13: Cheerios | B13: General Mills | C13: Cold | D13: 110 | E13: 6 | F13: 2 | G13: 290 | H13: 2 | I13: 17 | J13: 1 | K13: 105 | L13: 25 | M13: 1 | N13: 1 | O13: 1.25 | P13: 50.764999 | Q13: =IF(AND($J$2:$J$78<=5,$H$2:$H$78>=3,$D$2:$D$78<=120,$G$2:$G$78<=200),"Healthy","Unhealthy") -> Unhealthy | R13: =IF(OR($Q$2:$Q$78="Unhealthy",$P$2:$P$78<AVERAGE($P$2:$P$78)),"Yes","No") -> Yes | S13: =IF( $J$2:$J$82>5,"High sugar","Normal") -> Normal | T13: =IF($H$2:$H$78<=3,"Low Fiber","Normal") -> Low Fiber | U13: =IF($D$2:$D$78>=120,"High Calories","Normal") -> Normal | V13: =IF($G$2:$G$78>=200,"High Sodium","Normal") -> High Sodium | W13: =IF(S13:S389="High Sugar","High Sugar",IF(T13:T89="Low Fiber","Low Fiber",IF(U13:U89="High Calories","High Calories",IF(V13:V89="High Sodium","High Sodium","Healthy")))) -> Low Fiber
... A21: Cracklin' Oat Bran | B21: Kelloggs | C21: Cold | D21: 110 | E21: 3 | F21: 3 | G21: 140 | H21: 4 | I21: 10 | J21: 7 | K21: 160 | L21: 25 | M21: 3 | N21: 1 | O21: 0.5 | P21: 40.448772 | Q21: =IF(AND($J$2:$J$78<=5,$H$2:$H$78>=3,$D$2:$D$78<=120,$G$2:$G$78<=200),"Healthy","Unhealthy") -> Unhealthy | R21: =IF(OR($Q$2:$Q$78="Unhealthy",$P$2:$P$78<AVERAGE($P$2:$P$78)),"Yes","No") -> Yes | S21: =IF( $J$2:$J$82>5,"High sugar","Normal") -> High sugar | T21: =IF($H$2:$H$78<=3,"Low Fiber","Normal") -> Normal | U21: =IF($D$2:$D$78>=120,"High Calories","Normal") -> Normal | V21: =IF($G$2:$G$78>=200,"High Sodium","Normal") -> Normal | W21: =IF(S21:S397="High Sugar","High Sugar",IF(T21:T97="Low Fiber","Low Fiber",IF(U21:U97="High Calories","High Calories",IF(V21:V97="High Sodium","High Sodium","Healthy")))) -> High Sugar
A22: Cream of Wheat (Quick) | B22: Nabisco | C22: Hot | D22: 100 | E22: 3 | F22: 0 | G22: 80 | H22: 1 | I22: 21 | J22: 0 | K22: -1 | L22: 0 | M22: 2 | N22: 1 | P22: 64.533816 | Q22: =IF(AND($J$2:$J$78<=5,$H$2:$H$78>=3,$D$2:$D$78<=120,$G$2:$G$78<=200),"Healthy","Unhealthy") -> Unhealthy | R22: =IF(OR($Q$2:$Q$78="Unhealthy",$P$2:$P$78<AVERAGE($P$2:$P$78)),"Yes","No") -> Yes | S22: =IF( $J$2:$J$82>5,"High sugar","Normal") -> Normal | T22: =IF($H$2:$H$78<=3,"Low Fiber","Normal") -> Low Fiber | U22: =IF($D$2:$D$78>=120,"High Calories","Normal") -> Normal | V22: =IF($G$2:$G$78>=200,"High Sodium","Normal") -> Normal | W22: =IF(S22:S398="High Sugar","High Sugar",IF(T22:T98="Low Fiber","Low Fiber",IF(U22:U98="High Calories","High Calories",IF(V22:V98="High Sodium","High Sodium","Healthy")))) -> Low Fiber
A23: Crispix | B23: Kelloggs | C23: Cold | D23: 110 | E23: 2 | F23: 0 | G23: 220 | H23: 1 | I23: 21 | J23: 3 | K23: 30 | L23: 25 | M23: 3 | N23: 1 | O23: 1 | P23: 46.895644 | Q23: =IF(AND($J$2:$J$78<=5,$H$2:$H$78>=3,$D$2:$D$78<=120,$G$2:$G$78<=200),"Healthy","Unhealthy") -> Unhealthy | R23: =IF(OR($Q$2:$Q$78="Unhealthy",$P$2:$P$78<AVERAGE($P$2:$P$78)),"Yes","No") -> Yes | S23: =IF( $J$2:$J$82>5,"High sugar","Normal") -> Normal | T23: =IF($H$2:$H$78<=3,"Low Fiber","Normal") -> Low Fiber | U23: =IF($D$2:$D$78>=120,"High Calories","Normal") -> Normal | V23: =IF($G$2:$G$78>=200,"High Sodium","Normal") -> High Sodium | W23: =IF(S23:S399="High Sugar","High Sugar",IF(T23:T99="Low Fiber","Low Fiber",IF(U23:U99="High Calories","High Calories",IF(V23:V99="High Sodium","High Sodium","Healthy")))) -> Low Fiber
A24: Crispy Wheat & Raisins | B24: General Mills | C24: Cold | D24: 100 | E24: 2 | F24: 1 | G24: 140 | H24: 2 | I24: 11 | J24: 10 | K24: 120 | L24: 25 | M24: 3 | N24: 1 | O24: 0.75 | P24: 36.176196 | Q24: =IF(AND($J$2:$J$78<=5,$H$2:$H$78>=3,$D$2:$D$78<=120,$G$2:$G$78<=200),"Healthy","Unhealthy") -> Unhealthy | R24: =IF(OR($Q$2:$Q$78="Unhealthy",$P$2:$P$78<AVERAGE($P$2:$P$78)),"Yes","No") -> Yes | S24: =IF( $J$2:$J$82>5,"High sugar","Normal") -> High sugar | T24: =IF($H$2:$H$78<=3,"Low Fiber","Normal") -> Low Fiber | U24: =IF($D$2:$D$78>=120,"High Calories","Normal") -> Normal | V24: =IF($G$2:$G$78>=200,"High Sodium","Normal") -> Normal | W24: =IF(S24:S400="High Sugar","High Sugar",IF(T24:T100="Low Fiber","Low Fiber",IF(U24:U100="High Calories","High Calories",IF(V24:V100="High Sodium","High Sodium","Healthy")))) -> High Sugar
A25: Double Chex | B25: Ralston Purina | C25: Cold | D25: 100 | E25: 2 | F25: 0 | G25: 190 | H25: 1 | I25: 18 | J25: 5 | K25: 80 | L25: 25 | M25: 3 | N25: 1 | O25: 0.75 | P25: 44.330856 | Q25: =IF(AND($J$2:$J$78<=5,$H$2:$H$78>=3,$D$2:$D$78<=120,$G$2:$G$78<=200),"Healthy","Unhealthy") -> Unhealthy | R25: =IF(OR($Q$2:$Q$78="Unhealthy",$P$2:$P$78<AVERAGE($P$2:$P$78)),"Yes","No") -> Yes | S25: =IF( $J$2:$J$82>5,"High sugar","Normal") -> Normal | T25: =IF($H$2:$H$78<=3,"Low Fiber","Normal") -> Low Fiber | U25: =IF($D$2:$D$78>=120,"High Calories","Normal") -> Normal | V25: =IF($G$2:$G$78>=200,"High Sodium","Normal") -> Normal | W25: =IF(S25:S401="High Sugar","High Sugar",IF(T25:T101="Low Fiber","Low Fiber",IF(U25:U101="High Calories","High Calories",IF(V25:V101="High Sodium","High Sodium","Healthy")))) -> Low Fiber
A26: Froot Loops | B26: Kelloggs | C26: Cold | D26: 110 | E26: 2 | F26: 1 | G26: 125 | H26: 1 | I26: 11 | J26: 13 | K26: 30 | L26: 25 | M26: 2 | N26: 1 | O26: 1 | P26: 32.207582 | Q26: =IF(AND($J$2:$J$78<=5,$H$2:$H$78>=3,$D$2:$D$78<=120,$G$2:$G$78<=200),"Healthy","Unhealthy") -> Unhealthy | R26: =IF(OR($Q$2:$Q$78="Unhealthy",$P$2:$P$78<AVERAGE($P$2:$P$78)),"Yes","No") -> Yes | S26: =IF( $J$2:$J$82>5,"High sugar","Normal") -> High sugar | T26: =IF($H$2:$H$78<=3,"Low Fiber","Normal") -> Low Fiber | U26: =IF($D$2:$D$78>=120,"High Calories","Normal") -> Normal | V26: =IF($G$2:$G$78>=200,"High Sodium","Normal") -> Normal | W26: =IF(S26:S402="High Sugar","High Sugar",IF(T26:T102="Low Fiber","Low Fiber",IF(U26:U102="High Calories","High Calories",IF(V26:V102="High Sodium","High Sodium","Healthy")))) -> High Sugar
A27: Frosted Flakes | B27: Kelloggs | C27: Cold | D27: 110 | E27: 1 | F27: 0 | G27: 200 | H27: 1 | I27: 14 | J27: 11 | K27: 25 | L27: 25 | M27: 1 | N27: 1 | O27: 0.75 | P27: 31.435973 | Q27: =IF(AND($J$2:$J$78<=5,$H$2:$H$78>=3,$D$2:$D$78<=120,$G$2:$G$78<=200),"Healthy","Unhealthy") -> Unhealthy | R27: =IF(OR($Q$2:$Q$78="Unhealthy",$P$2:$P$78<AVERAGE($P$2:$P$78)),"Yes","No") -> Yes | S27: =IF( $J$2:$J$82>5,"High sugar","Normal") -> High sugar | T27: =IF($H$2:$H$78<=3,"Low Fiber","Normal") -> Low Fiber | U27: =IF($D$2:$D$78>=120,"High Calories","Normal") -> Normal | V27: =IF($G$2:$G$78>=200,"High Sodium","Normal") -> High Sodium | W27: =IF(S27:S403="High Sugar","High Sugar",IF(T27:T103="Low Fiber","Low Fiber",IF(U27:U103="High Calories","High Calories",IF(V27:V103="High Sodium","High Sodium","Healthy")))) -> High Sugar
A28: Frosted Mini-Wheats | B28: Kelloggs | C28: Cold | D28: 100 | E28: 3 | F28: 0 | G28: 0 | H28: 3 | I28: 14 | J28: 7 | K28: 100 | L28: 25 | M28: 2 | N28: 1 | O28: 0.8 | P28: 58.345141 | Q28: =IF(AND($J$2:$J$78<=5,$H$2:$H$78>=3,$D$2:$D$78<=120,$G$2:$G$78<=200),"Healthy","Unhealthy") -> Unhealthy | R28: =IF(OR($Q$2:$Q$78="Unhealthy",$P$2:$P$78<AVERAGE($P$2:$P$78)),"Yes","No") -> Yes | S28: =IF( $J$2:$J$82>5,"High sugar","Normal") -> High sugar | T28: =IF($H$2:$H$78<=3,"Low Fiber","Normal") -> Low Fiber | U28: =IF($D$2:$D$78>=120,"High Calories","Normal") -> Normal | V28: =IF($G$2:$G$78>=200,"High Sodium","Normal") -> Normal | W28: =IF(S28:S404="High Sugar","High Sugar",IF(T28:T104="Low Fiber","Low Fiber",IF(U28:U104="High Calories","High Calories",IF(V28:V104="High Sodium","High Sodium","Healthy")))) -> High Sugar
A29: Fruit & Fibre Dates; Walnuts; and Oats | B29: Post | C29: Cold | D29: 120 | E29: 3 | F29: 2 | G29: 160 | H29: 5 | I29: 12 | J29: 10 | K29: 200 | L29: 25 | M29: 3 | N29: 1.25 | O29: 0.67 | P29: 40.917047 | Q29: =IF(AND($J$2:$J$78<=5,$H$2:$H$78>=3,$D$2:$D$78<=120,$G$2:$G$78<=200),"Healthy","Unhealthy") -> Unhealthy | R29: =IF(OR($Q$2:$Q$78="Unhealthy",$P$2:$P$78<AVERAGE($P$2:$P$78)),"Yes","No") -> Yes | S29: =IF( $J$2:$J$82>5,"High sugar","Normal") -> High sugar | T29: =IF($H$2:$H$78<=3,"Low Fiber","Normal") -> Normal | U29: =IF($D$2:$D$78>=120,"High Calories","Normal") -> High Calories | V29: =IF($G$2:$G$78>=200,"High Sodium","Normal") -> Normal | W29: =IF(S29:S405="High Sugar","High Sugar",IF(T29:T105="Low Fiber","Low Fiber",IF(U29:U105="High Calories","High Calories",IF(V29:V105="High Sodium","High Sodium","Healthy")))) -> High Sugar
A30: Fruitful Bran | B30: Kelloggs | C30: Cold | D30: 120 | E30: 3 | F30: 0 | G30: 240 | H30: 5 | I30: 14 | J30: 12 | K30: 190 | L30: 25 | M30: 3 | N30: 1.33 | O30: 0.67 | P30: 41.015492 | Q30: =IF(AND($J$2:$J$78<=5,$H$2:$H$78>=3,$D$2:$D$78<=120,$G$2:$G$78<=200),"Healthy","Unhealthy") -> Unhealthy | R30: =IF(OR($Q$2:$Q$78="Unhealthy",$P$2:$P$78<AVERAGE($P$2:$P$78)),"Yes","No") -> Yes | S30: =IF( $J$2:$J$82>5,"High sugar","Normal") -> High sugar | T30: =IF($H$2:$H$78<=3,"Low Fiber","Normal") -> Normal | U30: =IF($D$2:$D$78>=120,"High Calories","Normal") -> High Calories | V30: =IF($G$2:$G$78>=200,"High Sodium","Normal") -> High Sodium | W30: =IF(S30:S406="High Sugar","High Sugar",IF(T30:T106="Low Fiber","Low Fiber",IF(U30:U106="High Calories","High Calories",IF(V30:V106="High Sodium","High Sodium","Healthy")))) -> High Sugar
A31: Fruity Pebbles | B31: Post | C31: Cold | D31: 110 | E31: 1 | F31: 1 | G31: 135 | H31: 0 | I31: 13 | J31: 12 | K31: 25 | L31: 25 | M31: 2 | N31: 1 | O31: 0.75 | P31: 28.025765 | Q31: =IF(AND($J$2:$J$78<=5,$H$2:$H$78>=3,$D$2:$D$78<=120,$G$2:$G$78<=200),"Healthy","Unhealthy") -> Unhealthy | R31: =IF(OR($Q$2:$Q$78="Unhealthy",$P$2:$P$78<AVERAGE($P$2:$P$78)),"Yes","No") -> Yes | S31: =IF( $J$2:$J$82>5,"High sugar","Normal") -> High sugar | T31: =IF($H$2:$H$78<=3,"Low Fiber","Normal") -> Low Fiber | U31: =IF($D$2:$D$78>=120,"High Calories","Normal") -> Normal | V31: =IF($G$2:$G$78>=200,"High Sodium","Normal") -> Normal | W31: =IF(S31:S407="High Sugar","High Sugar",IF(T31:T107="Low Fiber","Low Fiber",IF(U31:U107="High Calories","High Calories",IF(V31:V107="High Sodium","High Sodium","Healthy")))) -> High Sugar
A32: Golden Crisp | B32: Post | C32: Cold | D32: 100 | E32: 2 | F32: 0 | G32: 45 | H32: 0 | I32: 11 | J32: 15 | K32: 40 | L32: 25 | M32: 1 | N32: 1 | O32: 0.88 | P32: 35.252444 | Q32: =IF(AND($J$2:$J$78<=5,$H$2:$H$78>=3,$D$2:$D$78<=120,$G$2:$G$78<=200),"Healthy","Unhealthy") -> Unhealthy | R32: =IF(OR($Q$2:$Q$78="Unhealthy",$P$2:$P$78<AVERAGE($P$2:$P$78)),"Yes","No") -> Yes | S32: =IF( $J$2:$J$82>5,"High sugar","Normal") -> High sugar | T32: =IF($H$2:$H$78<=3,"Low Fiber","Normal") -> Low Fiber | U32: =IF($D$2:$D$78>=120,"High Calories","Normal") -> Normal | V32: =IF($G$2:$G$78>=200,"High Sodium","Normal") -> Normal | W32: =IF(S32:S408="High Sugar","High Sugar",IF(T32:T108="Low Fiber","Low Fiber",IF(U32:U108="High Calories","High Calories",IF(V32:V108="High Sodium","High Sodium","Healthy")))) -> High Sugar
A33: Golden Grahams | B33: General Mills | C33: Cold | D33: 110 | E33: 1 | F33: 1 | G33: 280 | H33: 0 | I33: 15 | J33: 9 | K33: 45 | L33: 25 | M33: 2 | N33: 1 | O33: 0.75 | P33: 23.804043 | Q33: =IF(AND($J$2:$J$78<=5,$H$2:$H$78>=3,$D$2:$D$78<=120,$G$2:$G$78<=200),"Healthy","Unhealthy") -> Unhealthy | R33: =IF(OR($Q$2:$Q$78="Unhealthy",$P$2:$P$78<AVERAGE($P$2:$P$78)),"Yes","No") -> Yes | S33: =IF( $J$2:$J$82>5,"High sugar","Normal") -> High sugar | T33: =IF($H$2:$H$78<=3,"Low Fiber","Normal") -> Low Fiber | U33: =IF($D$2:$D$78>=120,"High Calories","Normal") -> Normal | V33: =IF($G$2:$G$78>=200,"High Sodium","Normal") -> High Sodium | W33: =IF(S33:S409="High Sugar","High Sugar",IF(T33:T109="Low Fiber","Low Fiber",IF(U33:U109="High Calories","High Calories",IF(V33:V109="High Sodium","High Sodium","Healthy")))) -> High Sugar
A34: Grape Nuts Flakes | B34: Post | C34: Cold | D34: 100 | E34: 3 | F34: 1 | G34: 140 | H34: 3 | I34: 15 | J34: 5 | K34: 85 | L34: 25 | M34: 3 | N34: 1 | O34: 0.88 | P34: 52.076897 | Q34: =IF(AND($J$2:$J$78<=5,$H$2:$H$78>=3,$D$2:$D$78<=120,$G$2:$G$78<=200),"Healthy","Unhealthy") -> Healthy | R34: =IF(OR($Q$2:$Q$78="Unhealthy",$P$2:$P$78<AVERAGE($P$2:$P$78)),"Yes","No") -> No | S34: =IF( $J$2:$J$82>5,"High sugar","Normal") -> Normal | T34: =IF($H$2:$H$78<=3,"Low Fiber","Normal") -> Low Fiber | U34: =IF($D$2:$D$78>=120,"High Calories","Normal") -> Normal | V34: =IF($G$2:$G$78>=200,"High Sodium","Normal") -> Normal | W34: =IF(S34:S410="High Sugar","High Sugar",IF(T34:T110="Low Fiber","Low Fiber",IF(U34:U110="High Calories","High Calories",IF(V34:V110="High Sodium","High Sodium","Healthy")))) -> Low Fiber
... A78: Wheaties Honey Gold | B78: General Mills | C78: Cold | D78: 110 | E78: 2 | F78: 1 | G78: 200 | H78: 1 | I78: 16 | J78: 8 | K78: 60 | L78: 25 | M78: 1 | N78: 1 | O78: 0.75 | P78: 36.187559 | Q78: =IF(AND($J$2:$J$78<=5,$H$2:$H$78>=3,$D$2:$D$78<=120,$G$2:$G$78<=200),"Healthy","Unhealthy") -> Unhealthy | R78: =IF(OR($Q$2:$Q$78="Unhealthy",$P$2:$P$78<AVERAGE($P$2:$P$78)),"Yes","No") -> Yes | S78: =IF( $J$2:$J$82>5,"High sugar","Normal") -> High sugar | T78: =IF($H$2:$H$78<=3,"Low Fiber","Normal") -> Low Fiber | U78: =IF($D$2:$D$78>=120,"High Calories","Normal") -> Normal | V78: =IF($G$2:$G$78>=200,"High Sodium","Normal") -> High Sodium | W78: =IF(S78:S454="High Sugar","High Sugar",IF(T78:T154="Low Fiber","Low Fiber",IF(U78:U154="High Calories","High Calories",IF(V78:V154="High Sodium","High Sodium","Healthy")))) -> High Sugar

Sheet Pivot Table
A1: CEREAL HEALTHNESS | E1: TOP TEN RATED CEREALS
A2: Row Labels | B2: Count of Cereal Name | E2: Row Labels | F2: Average of Rating
A3: Healthy | B3: 9 | E3: 100% Bran | F3: 68.402973
A4: Unhealthy | B4: 66 | E4: All-Bran | F4: 59.425505
A5: Grand Total | B5: 75 | E5: Cream of Wheat (Quick) | F5: 64.533816
E6: Frosted Mini-Wheats | F6: 58.345141
E7: Nutri-grain Wheat | F7: 59.642837
E8: Puffed Rice | F8: 60.756112
A9: PRIMARY ISSUE | E9: Puffed Wheat | F9: 63.005645
A10: Row Labels | B10: Count of Cereal Name | E10: Shredded Wheat | F10: 68.235885
A11: High Sodium | B11: 2 | E11: Shredded Wheat spoon size | F11: 72.801787
A12: High Sugar | B12: 46 | E12: Strawberry Fruit Wheats | F12: 59.363993
A13: Low Fiber | B13: 27 | E13: Grand Total | F13: 63.451369
A14: Grand Total | B14: 75
E16: FIBER VS RATING
E17: Row Labels | F17: Count of Rating
E18: Low Fiber | F18: 65
A19: SUGAR VS RATING | E19: Normal | F19: 10
A20: Row Labels | B20: Count of Rating | E20: Grand Total | F20: 75
A21: High sugar | B21: 46
A22: Normal | B22: 29
A23: Grand Total | B23: 75

Sheet KPI Summary
A1: KPI CARDS
A2: Total Number Of Cereal | B2: =COUNTA('Clean Data'!A2:A78) -> 77
A3: Number Of Healthy Cereal | B3: =COUNTIF('Clean Data'!Q2:Q78,'Clean Data'!Q5) -> 11
A4: Number Of Unhealthy Cereal | B4: =COUNTIF('Clean Data'!Q2:Q78,'Clean Data'!Q2) -> 66
A5: Average Rating | B5: =AVERAGE('Clean Data'!P2:P78) -> 42.665705
A6: High Sugar Cereal | B6: =COUNTIF('Clean Data'!W2:W78,'Clean Data'!W2) -> 46

Sheet Dashboard
B3: CEREAL HEALTH AND PERFORMANCE DASHBOARD
